{
    "DAI": [
        0.0255,
        0.0258,
        0.0471,
        0.085,
        0.08,
        0.046,
        0.0913,
        0.02
    ],
    "USDC": [
        0.022400000000000003,
        0.0227,
        0.0258,
        0.075,
        0.08,
        0.085,
        0.0482,
        0.0015
    ],
    "ETH": [
        0.0012,
        0.0011,
        0.05,
        0.05,
        0.0535,
        0.0718,
        0.0004
    ],
    "BTC": [
        0.045,
        0.05,
        0.062,
        0.0004,
        0.0044
    ],
    "WBTC": [
        0.0149,
        0.0305
    ],
    "USDT": [
        0.0168,
        0.0183,
        0.0354,
        0.095,
        0.08,
        0.085,
        0.0405
    ],
    "MKR": [
        0.365
    ],
    "ZRX": [
        0.0044,
        0.0004,
        0.0177,
        0.0397
    ],
    "BAT": [
        0.0018,
        0.0009,
        0.015,
        0.01
    ],
    "1INCH": [
        0.050199999999999995
    ],
    "AAVE": [
        0.0129,
        0.048600000000000004
    ],
    "ADA": [
        0.0406,
        0.0235
    ],
    "ALGO": [
        0.04
    ],
    "AMPL": [
        0.0008
    ],
    "ATOM": [
        0.0255,
        0.05
    ],
    "AVAX": [
        0.0705,
        0.17800000000000002
    ],
    "BAL": [
        0.0179
    ],
    "BCH": [
        0.05,
        0.0451,
        0.0004
    ],
    "BNB": [
        0.05,
        0.06709999999999999
    ],
    "BNT": [
        0.055
    ],
    "BSV": [
        0.0202,
        0.1177
    ],
    "BTG": [
        0.0564
    ],
    "BUSD": [
        0.0036,
        0.075,
        0.085
    ],
    "CEL": [
        0.051
    ],
    "COMP": [
        0.006999999999999999,
        0.046,
        0.09369999999999999
    ],
    "CRV": [
        0.19010000000000002
    ],
    "DASH": [
        0.046
    ],
    "DOGE": [
        0.005,
        0.0004
    ],
    "DOT": [
        0.0902,
        0.0023
    ],
    "EOS": [
        0.05,
        0.044500000000000005,
        0.0458,
        0.0004
    ],
    "ETC": [
        0.03,
        0.0177,
        0.0004
    ],
    "FEI": [
        0.132
    ],
    "FRAX": [
        0.0087
    ],
    "GUSD": [
        0.0115,
        0.075,
        0.085
    ],
    "KNC": [
        0.0072,
        0.005
    ],
    "LEND": [
        0.0001
    ],
    "LINK": [
        0.0098,
        0.0006,
        0.025,
        0.05,
        0.03,
        0.0479
    ],
    "LRC": [
        0.0235
    ],
    "LTC": [
        0.035,
        0.05,
        0.0325,
        0.022099999999999998,
        0.0004
    ],
    "LUNA": [
        0.050499999999999996,
        0.6772
    ],
    "MANA": [
        0.0001,
        0.005
    ],
    "MATIC": [
        0.091,
        0.08220000000000001
    ],
    "OMG": [
        0.005,
        0.0166
    ],
    "PAX": [
        0.0096,
        0.075,
        0.08,
        0.085
    ],
    "PAXG": [
        0.05,
        0.055
    ],
    "RAI": [
        0.195
    ],
    "REN": [
        0.0006
    ],
    "RENFIL": [
        0.0096
    ],
    "SAI": [
        0.0441
    ],
    "SNX": [
        0.004699999999999999,
        0.1405
    ],
    "SUSD": [
        0.0406
    ],
    "SUSHI": [
        0.06860000000000001,
        0.041299999999999996,
        0.2145
    ],
    "TRX": [
        0.05,
        0.0406,
        0.0004
    ],
    "TUSD": [
        0.016,
        0.0158,
        0.08,
        0.085
    ],
    "UMA": [
        0.01
    ],
    "UNI": [
        0.0023,
        0.0002,
        0.003,
        0.0325,
        0.025,
        0.0184
    ],
    "USDP": [
        0.0277
    ],
    "XAUT": [
        0.055
    ],
    "XLM": [
        0.05,
        0.01,
        0.0361
    ],
    "XRP": [
        0.05,
        0.025,
        0.0262,
        0.0022
    ],
    "XTZ": [
        0.0425,
        0.0475,
        0.0463
    ],
    "YFI": [
        0.0049,
        0.0004,
        0.2122
    ],
    "ZEC": [
        0.0202
    ]
}