{
    "DAI": [
        0.025699999999999997,
        0.0256,
        0.049400000000000006,
        0.085,
        0.08,
        0.046,
        0.0913,
        0.02
    ],
    "USDC": [
        0.0231,
        0.0215,
        0.027000000000000003,
        0.075,
        0.08,
        0.085,
        0.0106,
        0.0015
    ],
    "ETH": [
        0.0011,
        0.0009,
        0.05,
        0.05,
        0.0535,
        0.071,
        0.0004
    ],
    "BTC": [
        0.045,
        0.05,
        0.062,
        0.0004,
        0.004699999999999999
    ],
    "WBTC": [
        0.0149,
        0.0305
    ],
    "USDT": [
        0.018799999999999997,
        0.0192,
        0.035699999999999996,
        0.095,
        0.08,
        0.085,
        0.0533
    ],
    "MKR": [
        0.365
    ],
    "ZRX": [
        0.0044,
        0.0004,
        0.0177,
        0.0379
    ],
    "BAT": [
        0.0017000000000000001,
        0.001,
        0.015,
        0.01
    ],
    "1INCH": [
        0.050199999999999995
    ],
    "AAVE": [
        0.009300000000000001,
        0.048600000000000004
    ],
    "ADA": [
        0.0406,
        0.0235
    ],
    "ALGO": [
        0.04
    ],
    "AMPL": [
        0.0009
    ],
    "ATOM": [
        0.023700000000000002,
        0.05
    ],
    "AVAX": [
        0.0705,
        0.17800000000000002
    ],
    "BAL": [
        0.0181
    ],
    "BCH": [
        0.05,
        0.0451,
        0.0004
    ],
    "BNB": [
        0.05,
        0.06709999999999999
    ],
    "BNT": [
        0.055
    ],
    "BSV": [
        0.0202,
        0.1162
    ],
    "BTG": [
        0.0536
    ],
    "BUSD": [
        0.0048,
        0.075,
        0.085
    ],
    "CEL": [
        0.051
    ],
    "COMP": [
        0.006999999999999999,
        0.046,
        0.1192
    ],
    "CRV": [
        0.16510000000000002
    ],
    "DASH": [
        0.046
    ],
    "DOGE": [
        0.005,
        0.0004
    ],
    "DOT": [
        0.0902,
        0.0028000000000000004
    ],
    "EOS": [
        0.05,
        0.044500000000000005,
        0.0451,
        0.0004
    ],
    "ETC": [
        0.03,
        0.056600000000000004,
        0.0004
    ],
    "FEI": [
        0.1103
    ],
    "FRAX": [
        0.009399999999999999
    ],
    "GUSD": [
        0.0115,
        0.075,
        0.085
    ],
    "KNC": [
        0.0072,
        0.005
    ],
    "LEND": [
        0.0001
    ],
    "LINK": [
        0.0084,
        0.0006,
        0.025,
        0.05,
        0.03,
        0.042199999999999994
    ],
    "LRC": [
        0.0235
    ],
    "LTC": [
        0.035,
        0.05,
        0.0325,
        0.021400000000000002,
        0.0004
    ],
    "LUNA": [
        0.050499999999999996,
        0.6772
    ],
    "MANA": [
        0.0001,
        0.005
    ],
    "MATIC": [
        0.091,
        0.08220000000000001
    ],
    "OMG": [
        0.005,
        0.0166
    ],
    "PAX": [
        0.011699999999999999,
        0.075,
        0.08,
        0.085
    ],
    "PAXG": [
        0.05,
        0.055
    ],
    "RAI": [
        0.09519999999999999
    ],
    "REN": [
        0.0005
    ],
    "RENFIL": [
        0.0096
    ],
    "SAI": [
        0.0441
    ],
    "SNX": [
        0.0064,
        0.1405
    ],
    "SUSD": [
        0.011000000000000001
    ],
    "SUSHI": [
        0.12240000000000001,
        0.041299999999999996,
        0.2145
    ],
    "TRX": [
        0.05,
        0.0406,
        0.0004
    ],
    "TUSD": [
        0.016,
        0.0194,
        0.08,
        0.085
    ],
    "UMA": [
        0.01
    ],
    "UNI": [
        0.0021,
        0.0002,
        0.003,
        0.0325,
        0.025,
        0.0148
    ],
    "USDP": [
        0.0277
    ],
    "XAUT": [
        0.055
    ],
    "XLM": [
        0.05,
        0.01,
        0.0358
    ],
    "XRP": [
        0.05,
        0.025,
        0.0254,
        0.0011
    ],
    "XTZ": [
        0.0425,
        0.3264,
        0.0463
    ],
    "YFI": [
        0.008100000000000001,
        0.0005,
        0.2116
    ],
    "ZEC": [
        0.0202
    ]
}