{
    "CRO": [
        0.020184355681501787,
        0.040741542919790596,
        0.06167781186449828
    ],
    "DAI": [
        0.06167781186449828,
        0.08299950680750978,
        0.10471306744129683
    ],
    "PAX": [
        0.06167781186449828,
        0.08299950680750978,
        0.10471306744129683
    ],
    "TUSD": [
        0.06167781186449828,
        0.08299950680750978,
        0.10471306744129683
    ],
    "TAUD": [
        0.06167781186449828,
        0.08299950680750978,
        0.10471306744129683
    ],
    "TCAD": [
        0.06167781186449828,
        0.08299950680750978,
        0.10471306744129683
    ],
    "TGBP": [
        0.06167781186449828,
        0.08299950680750978,
        0.10471306744129683
    ],
    "USDC": [
        0.06167781186449828,
        0.08299950680750978,
        0.10471306744129683
    ],
    "USDT": [
        0.06167781186449828,
        0.08299950680750978,
        0.10471306744129683
    ],
    "ICX": [
        0.005011474262615723,
        0.010045960887181016,
        0.020184355681501787
    ],
    "BTC": [
        0.015103555898416277,
        0.030415956913506736,
        0.04593982504058958
    ],
    "ETH": [
        0.035566952945970565,
        0.04593982504058958,
        0.056407860385536024
    ],
    "LTC": [
        0.005011474262615723,
        0.010045960887181016,
        0.020184355681501787
    ],
    "XRP": [
        0.005011474262615723,
        0.010045960887181016,
        0.020184355681501787
    ],
    "BCH": [
        0.005011474262615723,
        0.010045960887181016,
        0.020184355681501787
    ],
    "KNC": [
        0.005011474262615723,
        0.010045960887181016,
        0.020184355681501787
    ],
    "ALGO": [
        0.005011474262615723,
        0.010045960887181016,
        0.020184355681501787
    ],
    "ATOM": [
        0.005011474262615723,
        0.010045960887181016,
        0.020184355681501787
    ],
    "XTZ": [
        0.005011474262615723,
        0.010045960887181016,
        0.020184355681501787
    ],
    "OMG": [
        0.005011474262615723,
        0.010045960887181016,
        0.020184355681501787
    ],
    "XLM": [
        0.005011474262615723,
        0.010045960887181016,
        0.020184355681501787
    ],
    "ADA": [
        0.005011474262615723,
        0.010045960887181016,
        0.020184355681501787
    ],
    "EOS": [
        0.005011474262615723,
        0.010045960887181016,
        0.020184355681501787
    ],
    "BNB": [
        0.005011474262615723,
        0.010045960887181016,
        0.020184355681501787
    ],
    "BAT": [
        0.005011474262615723,
        0.010045960887181016,
        0.020184355681501787
    ],
    "LINK": [
        0.005011474262615723,
        0.010045960887181016,
        0.020184355681501787
    ],
    "MKR": [
        0.005011474262615723,
        0.010045960887181016,
        0.020184355681501787
    ],
    "PAXG": [
        0.005011474262615723,
        0.010045960887181016,
        0.020184355681501787
    ],
    "VET": [
        0.005011474262615723,
        0.010045960887181016,
        0.020184355681501787
    ],
    "ENJ": [
        0.005011474262615723,
        0.010045960887181016,
        0.020184355681501787
    ],
    "COMP": [
        0.005011474262615723,
        0.010045960887181016,
        0.020184355681501787
    ],
    "CELR": [
        0.005011474262615723,
        0.010045960887181016,
        0.020184355681501787
    ],
    "MANA": [
        0.005011474262615723,
        0.010045960887181016,
        0.020184355681501787
    ],
    "eGLD": [
        0.005011474262615723,
        0.010045960887181016,
        0.020184355681501787
    ],
    "DOT": [
        0.06167781186449828,
        0.08299950680750978,
        0.10471306744129683
    ],
    "UNI": [
        0.005011474262615723,
        0.010045960887181016,
        0.020184355681501787
    ],
    "BNT": [
        0.005011474262615723,
        0.010045960887181016,
        0.020184355681501787
    ],
    "DOGE": [
        0.005011474262615723,
        0.010045960887181016,
        0.020184355681501787
    ],
    "SHIB": [
        0.005011474262615723,
        0.010045960887181016,
        0.020184355681501787
    ],
    "MATIC": [
        0.06167781186449828,
        0.08299950680750978,
        0.10471306744129683
    ],
    "GAS": [
        0.005011474262615723,
        0.010045960887181016,
        0.020184355681501787
    ],
    "ONG": [
        0.005011474262615723,
        0.010045960887181016,
        0.020184355681501787
    ],
    "STRAX": [
        0.005011474262615723,
        0.010045960887181016,
        0.020184355681501787
    ],
    "FLOW": [
        0.010045960887181016,
        0.020184355681501787,
        0.040741542919790596
    ],
    "ONE": [
        0.010045960887181016,
        0.020184355681501787,
        0.040741542919790596
    ],
    "LUNA": [
        0.005011474262615723,
        0.010045960887181016,
        0.020184355681501787
    ],
    "AVAX": [
        0.010045960887181016,
        0.020184355681501787,
        0.040741542919790596
    ],
    "SOL": [
        0.010045960887181016,
        0.020184355681501787,
        0.030415956913506736
    ],
    "VVS": [
        0.005011474262615723,
        0.010045960887181016,
        0.020184355681501787
    ],
    "BIFI": [
        0.005011474262615723,
        0.010045960887181016,
        0.020184355681501787
    ],
    "TONIC": [
        0.005011474262615723,
        0.010045960887181016,
        0.020184355681501787
    ]
}