{
    "USDT": [
        0.04019999999999999,
        0.0387,
        0.0187,
        0.01
    ],
    "BTC": [
        0.01
    ],
    "ETH": [
        0.0834,
        0.0508,
        0.0387,
        0.0359,
        0.0108,
        0.01,
        0.0086
    ],
    "AGLD": [
        3.65
    ],
    "SOS": [
        3.65,
        1.1699
    ],
    "ACA": [
        2.05,
        0.31,
        0.25
    ],
    "GF": [
        1.18,
        0.42,
        0.15
    ],
    "BORING": [
        0.75,
        0.5,
        0.36
    ],
    "WIN": [
        0.68,
        0.43,
        0.15
    ],
    "ASTR": [
        0.58,
        0.23
    ],
    "TUP": [
        0.56,
        0.13
    ],
    "GOG": [
        0.55,
        0.31,
        0.1
    ],
    "BICO": [
        0.52,
        0.33,
        0.12,
        0.01
    ],
    "RACA": [
        0.52,
        0.27,
        0.08
    ],
    "NFT": [
        0.5,
        0.3,
        0.15,
        0.01
    ],
    "CELT": [
        0.47,
        0.26
    ],
    "VELO": [
        0.45,
        0.3,
        0.2,
        0.05
    ],
    "FLM": [
        0.365
    ],
    "BNT": [
        0.365
    ],
    "TRX": [
        0.365,
        0.0724,
        0.0592,
        0.0461,
        0.0329
    ],
    "KSM": [
        0.365,
        0.174,
        0.1423,
        0.1107,
        0.0791,
        0.0
    ],
    "UMA": [
        0.365
    ],
    "LRC": [
        0.36
    ],
    "TUSD": [
        0.3,
        0.1
    ],
    "LON": [
        0.2298,
        0.01
    ],
    "ELF": [
        0.22,
        0.17,
        0.13,
        0.08,
        0.01
    ],
    "MINA": [
        0.22,
        0.2,
        0.18,
        0.03,
        0.01
    ],
    "UST": [
        0.2022
    ],
    "USDC": [
        0.2,
        0.0359,
        0.0296
    ],
    "1INCH": [
        0.2
    ],
    "VSYS": [
        0.1954,
        0.15990000000000001,
        0.1244,
        0.0888,
        0.01
    ],
    "ONT": [
        0.1862,
        0.1523,
        0.1185,
        0.08460000000000001,
        0.01
    ],
    "EGLD": [
        0.18,
        0.11,
        0.09,
        0.05,
        0.01
    ],
    "IOST": [
        0.1778,
        0.14550000000000002,
        0.1131,
        0.0808,
        0.01
    ],
    "ATOM": [
        0.1552,
        0.127,
        0.09880000000000001,
        0.0706,
        0.01
    ],
    "CHE": [
        0.15
    ],
    "AVAX": [
        0.15,
        0.0911,
        0.0745,
        0.057999999999999996,
        0.049699999999999994,
        0.0414
    ],
    "SUSHI": [
        0.1432,
        0.0834,
        0.01
    ],
    "MATIC": [
        0.1408,
        0.1152,
        0.08960000000000001,
        0.064,
        0.01
    ],
    "CRV": [
        0.1391,
        0.05
    ],
    "LPT": [
        0.1321,
        0.1081,
        0.08410000000000001,
        0.06,
        0.01
    ],
    "CRO": [
        0.132,
        0.10800000000000001,
        0.084,
        0.06,
        0.01
    ],
    "LAT": [
        0.1303,
        0.1066,
        0.08289999999999999,
        0.0592,
        0.01
    ],
    "DOT": [
        0.1293,
        0.1058,
        0.0823,
        0.0588,
        0.01
    ],
    "CELR": [
        0.1263,
        0.10339999999999999,
        0.08039999999999999,
        0.0574,
        0.01
    ],
    "SKL": [
        0.12,
        0.09,
        0.07,
        0.04,
        0.01
    ],
    "XTZ": [
        0.1058,
        0.08529999999999999,
        0.0675,
        0.0358,
        0.01
    ],
    "NU": [
        0.1025,
        0.0839,
        0.0652,
        0.0466
    ],
    "STX": [
        0.1
    ],
    "NEAR": [
        0.1,
        0.0818,
        0.0636,
        0.0454,
        0.01
    ],
    "NEO": [
        0.0964,
        0.0788,
        0.0613,
        0.0438,
        0.01
    ],
    "INT": [
        0.08929999999999999,
        0.0731,
        0.056799999999999996,
        0.0406
    ],
    "ALGO": [
        0.0877,
        0.0718,
        0.0558,
        0.039900000000000005,
        0.01
    ],
    "FTM": [
        0.0833,
        0.0682,
        0.053,
        0.0379,
        0.01
    ],
    "FLOW": [
        0.0814,
        0.0666,
        0.051699999999999996,
        0.037000000000000005,
        0.01
    ],
    "SOL": [
        0.0758,
        0.051699999999999996,
        0.04019999999999999,
        0.0287,
        0.01
    ],
    "TRUE": [
        0.0745,
        0.061,
        0.047400000000000005,
        0.0339
    ],
    "CSPR": [
        0.0673,
        0.055,
        0.042800000000000005,
        0.030600000000000002,
        0.01
    ],
    "CELO": [
        0.0564,
        0.0462,
        0.0359,
        0.0256,
        0.01
    ],
    "XEM": [
        0.0558,
        0.045599999999999995,
        0.0355,
        0.0253,
        0.01
    ],
    "LUNA": [
        0.05,
        0.0409,
        0.0318,
        0.0227,
        0.01
    ],
    "KINE": [
        0.05,
        0.03
    ],
    "ADA": [
        0.044199999999999996,
        0.0362,
        0.0282,
        0.0241,
        0.020099999999999996,
        0.01
    ],
    "EOS": [
        0.0395,
        0.0323,
        0.025099999999999997,
        0.0179,
        0.01
    ],
    "QTUM": [
        0.0345,
        0.028300000000000002,
        0.022000000000000002,
        0.015700000000000002,
        0.01
    ],
    "DAI": [
        0.0325,
        0.0108
    ],
    "COMP": [
        0.019799999999999998,
        0.01
    ],
    "LTC": [
        0.01
    ],
    "ETC": [
        0.01
    ],
    "ZEC": [
        0.01
    ],
    "LAMB": [
        0.01
    ],
    "UNI": [
        0.01
    ],
    "XRP": [
        0.01
    ],
    "AXS": [
        0.01
    ],
    "HC": [
        0.01
    ],
    "DASH": [
        0.01
    ],
    "YGG": [
        0.01
    ],
    "OMG": [
        0.01
    ],
    "CLV": [
        0.01
    ],
    "EFI": [
        0.01
    ],
    "XMR": [
        0.01
    ],
    "BABYDOGE": [
        0.01
    ],
    "IOTA": [
        0.01
    ],
    "BTM": [
        0.01
    ],
    "STORJ": [
        0.01
    ],
    "SNT": [
        0.01
    ],
    "DOGE": [
        0.01
    ],
    "SLP": [
        0.01
    ],
    "WNCG": [
        0.01
    ],
    "AAVE": [
        0.01
    ],
    "LINK": [
        0.01
    ],
    "BCH": [
        0.01
    ],
    "BSV": [
        0.01
    ],
    "KNC": [
        0.01
    ],
    "ZRX": [
        0.01
    ],
    "DYDX": [
        0.01
    ],
    "CVC": [
        0.01
    ],
    "GALA": [
        0.01
    ],
    "XLM": [
        0.01
    ],
    "GODS": [
        0.01
    ],
    "MANA": [
        0.01
    ],
    "BADGER": [
        0.01
    ],
    "STARL": [
        0.01
    ],
    "GRT": [
        0.01
    ],
    "IMX": [
        0.01
    ],
    "ENS": [
        0.01
    ],
    "NAS": [
        0.01
    ],
    "CFX": [
        0.01
    ],
    "PEOPLE": [
        0.01
    ],
    "ICP": [
        0.01
    ],
    "ZEN": [
        0.01
    ],
    "MIR": [
        0.01
    ],
    "TORN": [
        0.01
    ],
    "MASK": [
        0.01
    ],
    "CHZ": [
        0.01
    ],
    "ALPHA": [
        0.01
    ],
    "THETA": [
        0.01
    ],
    "PERP": [
        0.01
    ],
    "SC": [
        0.01
    ],
    "ANT": [
        0.01
    ],
    "MKR": [
        0.01
    ],
    "SAND": [
        0.01
    ],
    "NANO": [
        0.01
    ],
    "JST": [
        0.01
    ],
    "ANC": [
        0.01
    ],
    "DORA": [
        0.01
    ],
    "GLMR": [
        0.01
    ],
    "CONV": [
        0.01
    ],
    "ENJ": [
        0.01
    ],
    "BAT": [
        0.01
    ],
    "XCH": [
        0.01
    ],
    "OKB": [
        0.01
    ],
    "HBAR": [
        0.01
    ],
    "BAL": [
        0.01
    ],
    "SNX": [
        0.01,
        0.0064
    ],
    "FIL": [
        0.01
    ],
    "REN": [
        0.01
    ],
    "ZIL": [
        0.01
    ],
    "SRM": [
        0.01
    ],
    "SHIB": [
        0.01
    ],
    "AKITA": [
        0.01
    ],
    "KISHU": [
        0.01
    ],